{"cameraMode":{"drawMode":0,"name":"Shaded","section":"Shading Mode"},"sceneLighting":false,"audioPlay":false,"sceneViewState":{"showFog":true,"showMaterialUpdate":false,"showSkybox":false,"showFlares":true,"showImageEffects":true,"showParticleSystems":true},"in2DMode":false,"pivot":{"x":-1.2043452262878419,"y":3.220170021057129,"z":-0.7020266652107239},"rotation":{"x":-0.27545392513275149,"y":-0.3000449538230896,"z":0.09094758331775665,"w":-0.9087531566619873},"size":0.7340735197067261,"orthographic":false}